{
  "project_info": {
    "project_number": "745739420675",
    "project_id": "fir-demo-6c032",
    "storage_bucket": "fir-demo-6c032.appspot.com"
  },
  "client": [
    {
      "client_info": {
        "mobilesdk_app_id": "1:745739420675:android:bb939cc94aae006cbb3a36",
        "android_client_info": {
          "package_name": "com.example.firebasedemo"
        }
      },
      "oauth_client": [
        {
          "client_id": "745739420675-tk7c13i3v3e3f1mhsbuu6423sn2f0gj3.apps.googleusercontent.com",
          "client_type": 3
        }
      ],
      "api_key": [
        {
          "current_key": "AIzaSyBFV0-1v_iNVqLQAgQiyEvGSya_cJDa50I"
        }
      ],
      "services": {
        "appinvite_service": {
          "other_platform_oauth_client": [
            {
              "client_id": "745739420675-tk7c13i3v3e3f1mhsbuu6423sn2f0gj3.apps.googleusercontent.com",
              "client_type": 3
            }
          ]
        }
      }
    }
  ],
  "configuration_version": "1"
}